,With Higher Education,Without Higher Education
0,35.77981651376146789,83.486238532110091743
